{"cameraMode":{"drawMode":0,"name":"Shaded","section":"Shading Mode"},"sceneLighting":false,"audioPlay":false,"sceneViewState":{"showFog":true,"showMaterialUpdate":false,"showSkybox":false,"showFlares":true,"showImageEffects":true,"showParticleSystems":true},"in2DMode":false,"pivot":{"x":-11.103142738342286,"y":-3.7390952110290529,"z":10.005538940429688},"rotation":{"x":0.08130795508623123,"y":0.8907414078712463,"z":-0.17621661722660066,"w":0.4109960198402405},"size":1.184752345085144,"orthographic":false}